<commands>
	<command>
		<!--chmod 644 /data/unzip/Base/Media/bootanimation.zip-->
		<cmd1>cp /system/app/Launcher23_G100_1280_Primary.apk /mnt/sdcard/PTUI/Backup/Base/System</cmd1>
		<cmd2>cp /system/app/PackageInstaller.apk /mnt/sdcard/PTUI/Backup/Base/System</cmd2>
		<cmd3>cp /system/app/Settings.apk /mnt/sdcard/PTUI/Backup/Base/System</cmd3>
		<cmd4>cp /system/app/SystemUI.apk /mnt/sdcard/PTUI/Backup/Base/System</cmd4>
		<cmd5>cp /system/framework/framework-res.apk /mnt/sdcard/PTUI/Backup/Base/System</cmd5>
		<cmd6>cp /system/media/bootanimation.zip /mnt/sdcard/PTUI/Backup/Base/System</cmd6>
		<cmd7>cp /mnt/sdcard/PTUI/DownloadUnzip/Base/Media/bootanimation.zip /system/app/media</cmd7>
		<cmd8>chmod 0644 /system/app/media/bootanimation.zip</cmd8>
		<cmd9>cp /mnt/sdcard/PTUI/DownloadUnzip/Base/Media/Platinum.ogg /system/app/media/audios/alarms</cmd9>
		<cmd10>chmod 0644 /system/app/media/audios/alarms/Platinum.ogg</cmd10>
		<cmd11>cp /mnt/sdcard/PTUI/DownloadUnzip/Base/Media/Titania.ogg /system/app/media/audios/alarms</cmd11>
		<cmd12>chmod 0644 /system/app/media/audios/alarms/Titania.ogg</cmd12>
		<cmd13>cp /mnt/sdcard/PTUI/DownloadUnzip/Base/Media/Rhea.ogg /system/app/media/audios/notifications</cmd13>
		<cmd14>chmod 0644 /system/app/media/audios/notifications/Rhea.ogg</cmd14>
		<cmd15>cp /mnt/sdcard/PTUI/DownloadUnzip/Base/System/Calculator.apk /system/app/app</cmd15>
		<cmd16>chmod 0644 /system/app/app/Calculator.apk</cmd16>
		<cmd17>cp /mnt/sdcard/PTUI/DownloadUnzip/Base/System/CalendarLocalAccount.apk /system/app/app</cmd17>
		<cmd18>chmod 0644 /system/app/app/CalendarLocalAccount.apk</cmd18>
		<cmd19>cp /mnt/sdcard/PTUI/DownloadUnzip/Base/System/Email2.apk /system/app/app</cmd19>
		<cmd20>chmod 0644 /system/app/app/Email2.apk</cmd20>
		<cmd21>cp /mnt/sdcard/PTUI/DownloadUnzip/Base/System/Exchange2.apk /system/app/app</cmd21>
		<cmd22>chmod 0644 /system/app/app/Exchange2.apk</cmd22>
		<cmd23>cp /mnt/sdcard/PTUI/DownloadUnzip/Base/System/LiveWallpapers.apk /system/app/app</cmd23>
		<cmd24>chmod 0644 /system/app/app/LiveWallpapers.apk</cmd24>
		<cmd25>cp /mnt/sdcard/PTUI/DownloadUnzip/Base/System/LiveWallpapersPicker.apk /system/app/app</cmd25>
		<cmd26>chmod 0644 /system/app/app/LiveWallpapersPicker.apk</cmd26>
		<cmd27>cp /mnt/sdcard/PTUI/DownloadUnzip/Base/System/MagicSmokeWallpapers.apk /system/app/app</cmd27>
		<cmd28>chmod 0644 /system/app/app/MagicSmokeWallpapers.apk</cmd28>
		<cmd29>cp /mnt/sdcard/PTUI/DownloadUnzip/Base/System/PackageInstaller.apk /system/app/app</cmd29>
		<cmd30>chmod 0644 /system/app/app/PackageInstaller.apk</cmd30>
		<cmd31>cp /mnt/sdcard/PTUI/DownloadUnzip/Base/System/Settings.apk /system/app/app</cmd31>
		<cmd32>chmod 0644 /system/app/app/Settings.apk</cmd32>
		<cmd33>cp /mnt/sdcard/PTUI/DownloadUnzip/Base/System/SoundRecorder.apk /system/app/app</cmd33>
		<cmd34>chmod 0644 /system/app/app/SoundRecorder.apk</cmd34>
		<cmd35>cp /mnt/sdcard/PTUI/DownloadUnzip/Base/System/VisualizationWallpapers.apk /system/app/app</cmd35>
		<cmd36>chmod 0644 /system/app/app/VisualizationWallpapers.apk</cmd36>
		<cmd37>cp /mnt/sdcard/PTUI/DownloadUnzip/Base/System/VpnDialogs.apk /system/app/app</cmd37>
		<cmd38>chmod 0644 /system/app/app/VpnDialogs.apk</cmd38>
		<cmd39>cp /mnt/sdcard/PTUI/DownloadUnzip/Base/Wallpapers/wallpaper1.png /mnt/sdcard/PTUI/Wallpapers</cmd39>
		<cmd40>cp /mnt/sdcard/PTUI/DownloadUnzip/Base/Wallpapers/wallpaper2.png /mnt/sdcard/PTUI/Wallpapers</cmd40>
		<cmd41>cp /mnt/sdcard/PTUI/DownloadUnzip/Base/Wallpapers/wallpaper3.png /mnt/sdcard/PTUI/Wallpapers</cmd41>
		<cmd42>cp /mnt/sdcard/PTUI/DownloadUnzip/Base/Wallpapers/wallpaper4.png /mnt/sdcard/PTUI/Wallpapers</cmd42>
		<cmd43>cp /mnt/sdcard/PTUI/DownloadUnzip/Base/Wallpapers/wallpaper5.jpg /mnt/sdcard/PTUI/Wallpapers</cmd43>
		<cmd44>cp /mnt/sdcard/PTUI/DownloadUnzip/Base/Wallpapers/wallpaper6.jpg /mnt/sdcard/PTUI/Wallpapers</cmd44>
		<cmd45>cp /mnt/sdcard/PTUI/DownloadUnzip/Base/System/framework-res.apk /system/app/framework</cmd45>
		<cmd46>chmod 0644 /system/app/framework/framework-res.apk</cmd46>
		<cmd47>cp /system/app/framework/framework-res.apk /system/app/framework/frameworkdir</cmd47>
		<cmd48>chmod 0644 /system/app/framework/frameworkdir/framework-res.apk</cmd48>
		<cmd49>cp /mnt/sdcard/PTUI/DownloadUnzip/Base/System/SystemUI.apk /system/app/app</cmd49>
		<cmd50>chmod 0644 /system/app/app/SystemUI.apk</cmd50>
		<cmd51></cmd51>
		<cmd52></cmd52>
		<cmd53></cmd53>
		<cmd54></cmd54>
		<cmd55></cmd55>
		<cmd56></cmd56>
		<cmd57></cmd57>
		<cmd58></cmd58>
		<cmd59></cmd59>
		<cmd60></cmd60>
		<cmd61></cmd61>
		<cmd62></cmd62>
		<cmd63></cmd63>
		<cmd64></cmd64>
		<cmd65></cmd65>
		<cmd66></cmd66>
		<cmd67></cmd67>
		<cmd68></cmd68>
		<cmd69></cmd69>
		<cmd70></cmd70>
		<cmd71></cmd71>
		<cmd72></cmd72>
		<cmd73></cmd73>
		<cmd74></cmd74>
		<cmd75></cmd75>
		<cmd76></cmd76>
		<cmd77></cmd77>
		<cmd78></cmd78>
		<cmd79></cmd79>
		<cmd80></cmd80>
		<cmd81></cmd81>
		<cmd82></cmd82>
		<cmd83></cmd83>
		<cmd84></cmd84>
		<cmd85></cmd85>
		<cmd86></cmd86>
		<cmd87></cmd87>
		<cmd88></cmd88>
		<cmd89></cmd89>
		<cmd90></cmd90>
		<cmd91></cmd91>
		<cmd92></cmd92>
		<cmd93></cmd93>
		<cmd94></cmd94>
		<cmd95></cmd95>
		<cmd96></cmd96>
		<cmd97></cmd97>
		<cmd98></cmd98>
		<cmd99></cmd99>
		<cmd100></cmd100>
		<cmd101></cmd101>
		<cmd102></cmd102>
		<cmd103></cmd103>
		<cmd104></cmd104>
		<cmd105></cmd105>
		<cmd106></cmd106>
		<cmd107></cmd107>
		<cmd108></cmd108>
		<cmd109></cmd109>
		<cmd110></cmd110>
		<cmd111></cmd111>
		<cmd112></cmd112>
		<cmd113></cmd113>
		<cmd114></cmd114>
		<cmd115></cmd115>
		<cmd116></cmd116>
		<cmd117></cmd117>
		<cmd118></cmd118>
		<cmd119></cmd119>
		<cmd120></cmd120>
		<cmd121></cmd121>
		<cmd122></cmd122>
		<cmd123></cmd123>
		<cmd124></cmd124>
		<cmd125></cmd125>
		<cmd126></cmd126>
		<cmd127></cmd127>
		<cmd128></cmd128>
		<cmd129></cmd129>
		<cmd130></cmd130>
		<cmd131></cmd131>
		<cmd132></cmd132>
		<cmd133></cmd133>
		<cmd134></cmd134>
		<cmd135></cmd135>
		<cmd136></cmd136>
		<cmd137></cmd137>
		<cmd138></cmd138>
		<cmd139></cmd139>
		<cmd140></cmd140>
		<cmd141></cmd141>
		<cmd142></cmd142>
		<cmd143></cmd143>
		<cmd144></cmd144>
		<cmd145></cmd145>
		<cmd146></cmd146>
		<cmd147></cmd147>
		<cmd148></cmd148>
		<cmd149></cmd149>
		<cmd150></cmd150>
		<cmd151></cmd151>
		<cmd152></cmd152>
		<cmd153></cmd153>
		<cmd154></cmd154>
		<cmd155></cmd155>
		<cmd156></cmd156>
		<cmd157></cmd157>
		<cmd158></cmd158>
		<cmd159></cmd159>
		<cmd160></cmd160>
		<cmd161></cmd161>
		<cmd162></cmd162>
		<cmd163></cmd163>
		<cmd164></cmd164>
		<cmd165></cmd165>
		<cmd166></cmd166>
		<cmd167></cmd167>
		<cmd168></cmd168>
		<cmd169></cmd169>
		<cmd170></cmd170>
		<cmd171></cmd171>
		<cmd172></cmd172>
		<cmd173></cmd173>
		<cmd174></cmd174>
		<cmd175></cmd175>
		<cmd176></cmd176>
		<cmd177></cmd177>
		<cmd178></cmd178>
		<cmd179></cmd179>
		<cmd180></cmd180>
		<cmd181></cmd181>
		<cmd182></cmd182>
		<cmd183></cmd183>
		<cmd184></cmd184>
		<cmd185></cmd185>
		<cmd186></cmd186>
		<cmd187></cmd187>
		<cmd188></cmd188>
		<cmd189></cmd189>
		<cmd190></cmd190>
		<cmd191></cmd191>
		<cmd192></cmd192>
		<cmd193></cmd193>
		<cmd194></cmd194>
		<cmd195></cmd195>
		<cmd196></cmd196>
		<cmd197></cmd197>
		<cmd198></cmd198>
		<cmd199></cmd199>
		<cmd200></cmd200>
	</command>
</commands>
